bedrooms,bathrooms,sqft_living,sqft_lot,floors,waterfront,view,condition,grade,sqft_above,sqft_basement,yr_built,yr_renovated,zipcode,lat,long,sqft_living15,sqft_lot15,ppltn_qty,urbn_ppltn_qty,sbrbn_ppltn_qty,farm_ppltn_qty,non_farm_qty,medn_hshld_incm_amt,medn_incm_per_prsn_amt,hous_val_amt,edctn_less_than_9_qty,edctn_9_12_qty,edctn_high_schl_qty,edctn_some_clg_qty,edctn_assoc_dgre_qty,edctn_bchlr_dgre_qty,edctn_prfsnl_qty,per_urbn,per_sbrbn,per_farm,per_non_farm,per_less_than_9,per_9_to_12,per_hsd,per_some_clg,per_assoc,per_bchlr,per_prfsnl,has_recorded_basement,has_renovation_year,basement_area_ratio,living_area_per_bedroom,bathrooms_per_bedroom,log_living_area,log_lot_area
4,1.0,1680,5043,1.5,0,0,4,6,1680,0,1911,0,98118,47.5354,-122.273,1560,5765,40409.0,40409.0,0.0,0.0,0.0,44697.0,19414.0,187300.0,3671.0,3963.0,7051.0,6317.0,1743.0,4781.0,2710.0,100.0,0.0,0.0,0.0,9.0,9.0,17.0,15.0,4.0,11.0,6.0,0.0,0.0,0.0,420.0,0.25,7.427144133408616,8.52595469708481
3,2.5,2220,6380,1.5,0,0,4,8,1660,560,1931,0,98115,47.6974,-122.313,950,6380,43263.0,43263.0,0.0,0.0,0.0,58475.0,34026.0,282800.0,370.0,1090.0,3667.0,6852.0,1951.0,13103.0,8891.0,100.0,0.0,0.0,0.0,0.0,2.0,8.0,15.0,4.0,30.0,20.0,1.0,0.0,0.25225225225225223,740.0,0.8333333333333334,7.7057128238944275,8.761080103868347
3,2.25,1630,10962,1.0,0,0,4,8,1100,530,1977,0,98030,47.3801,-122.166,1830,8470,23926.5,23298.0,0.0,0.0,0.0,56933.0,27639.5,239850.0,406.0,1213.0,3755.5,4638.0,1417.5,4822.0,2072.0,100.0,0.0,0.0,0.0,1.0,5.0,15.0,19.0,5.0,19.0,7.5,1.0,0.0,0.32515337423312884,543.3333333333334,0.75,7.396948602621014,9.30228124567454
5,2.5,1710,9720,2.0,0,0,4,8,1710,0,1974,0,98005,47.5903,-122.157,2270,9672,17150.0,17150.0,0.0,0.0,0.0,60173.0,36019.0,343500.0,352.0,614.0,1878.0,3062.0,833.0,4592.0,2798.0,100.0,0.0,0.0,0.0,2.0,3.0,10.0,17.0,4.0,26.0,16.0,0.0,0.0,0.0,342.0,0.5,7.444833273892193,9.18204377282107
2,1.0,850,6370,1.0,0,0,3,6,850,0,1951,0,98126,47.5198,-122.373,850,5170,19435.0,19435.0,0.0,0.0,0.0,47519.0,25844.0,200000.0,964.0,1516.0,3123.0,3812.0,1145.0,3290.0,1485.0,100.0,0.0,0.0,0.0,4.0,7.0,16.0,19.0,5.0,16.0,7.0,0.0,0.0,0.0,425.0,0.5,6.7464121285733745,8.759511722116487
4,2.75,2630,4501,2.0,0,0,3,8,2630,0,2015,0,98028,47.7748,-122.244,2380,4599,18194.0,18194.0,0.0,0.0,0.0,61813.0,31765.0,246600.0,269.0,905.0,2386.0,3703.0,1211.0,3547.0,1762.0,100.0,0.0,0.0,0.0,1.0,4.0,13.0,20.0,6.0,19.0,9.0,0.0,0.0,0.0,657.5,0.6875,7.875119281040293,8.412277021466677
4,1.75,2290,7380,1.0,0,0,3,7,1390,900,1963,0,98178,47.5034,-122.245,1170,7381,21956.0,21956.0,0.0,0.0,0.0,47461.0,22158.0,175400.0,925.0,1773.0,4530.0,4630.0,1277.0,2688.0,952.0,100.0,0.0,0.0,0.0,4.0,8.0,20.0,21.0,5.0,12.0,4.0,1.0,0.0,0.3930131004366812,572.5,0.4375,7.736743682453495,8.906664409770052
4,2.0,1730,9139,2.0,0,0,3,8,1730,0,1957,0,98125,47.7181,-122.316,1410,7311,34926.0,34926.0,0.0,0.0,0.0,42400.0,25771.0,225900.0,776.0,1869.0,5575.0,7163.0,2093.0,7266.0,4482.0,100.0,0.0,0.0,0.0,2.0,5.0,15.0,20.0,5.0,20.0,12.0,0.0,0.0,0.0,432.5,0.5,7.456454555176209,9.120415664448196
3,1.75,2190,8500,1.0,0,0,4,9,2190,0,1957,0,98112,47.64,-122.285,2850,8868,20418.0,20418.0,0.0,0.0,0.0,59693.0,52787.0,466000.0,196.0,703.0,1168.0,3208.0,884.0,6118.0,4999.0,100.0,0.0,0.0,0.0,0.0,3.0,5.0,15.0,4.0,29.0,24.0,0.0,0.0,0.0,730.0,0.5833333333333334,7.692113339595466,9.04793908261736
3,1.75,1850,22767,1.5,0,4,5,6,1850,0,1908,0,98074,47.6144,-122.067,2700,17906,23926.5,23298.0,0.0,0.0,0.0,56933.0,27639.5,239850.0,406.0,1213.0,3755.5,4638.0,1417.5,4822.0,2072.0,100.0,0.0,0.0,0.0,1.0,5.0,15.0,19.0,5.0,19.0,7.5,0.0,0.0,0.0,616.6666666666666,0.5833333333333334,7.523481312573497,10.033111320329633
3,2.25,1840,11403,2.0,0,0,3,8,1840,0,1993,0,98045,47.4862,-121.797,2150,11403,13777.0,0.0,11176.0,0.0,2601.0,65674.0,27570.0,235900.0,182.0,869.0,2393.0,2829.0,675.0,2130.0,871.0,0.0,81.0,0.0,18.0,1.0,6.0,17.0,20.0,4.0,15.0,6.0,0.0,0.0,0.0,613.3333333333334,0.75,7.518064181233078,9.341719450032562
4,2.25,1780,10748,2.0,0,0,4,8,1780,0,1964,0,98072,47.762,-122.11,2070,37680,35549.0,34428.0,0.0,105.0,1016.0,82922.0,37695.0,342200.0,334.0,1235.0,4183.0,5980.0,1902.0,7516.0,3392.0,96.0,0.0,0.0,2.0,0.0,3.0,11.0,16.0,5.0,21.0,9.0,0.0,0.0,0.0,445.0,0.5625,7.484930283289661,9.282568005973063
4,2.25,2680,4673,2.0,0,0,3,7,2680,0,1999,0,98011,47.7539,-122.219,2460,4645,26395.0,26395.0,0.0,0.0,0.0,61329.0,27709.0,239800.0,291.0,1208.0,4101.0,5252.0,1656.0,5347.0,1916.0,100.0,0.0,0.0,0.0,1.0,4.0,15.0,19.0,6.0,20.0,7.0,0.0,0.0,0.0,670.0,0.5625,7.893945138235959,8.449770515098804
3,1.5,1140,15890,1.0,0,0,3,7,840,300,1985,0,98045,47.4752,-121.757,1200,15247,13777.0,0.0,11176.0,0.0,2601.0,65674.0,27570.0,235900.0,182.0,869.0,2393.0,2829.0,675.0,2130.0,871.0,0.0,81.0,0.0,18.0,1.0,6.0,17.0,20.0,4.0,15.0,6.0,1.0,0.0,0.2631578947368421,380.0,0.5,7.039660349862076,9.673508190212637
4,2.5,3330,7399,2.0,0,0,3,9,3330,0,2009,0,98052,47.679,-122.153,2640,8601,50138.0,50138.0,0.0,0.0,0.0,68923.0,36862.0,279400.0,790.0,1888.0,4670.0,9050.0,2946.0,13623.0,5865.0,100.0,0.0,0.0,0.0,1.0,3.0,9.0,18.0,5.0,27.0,11.0,0.0,0.0,0.0,832.5,0.625,8.11102783819368,8.909235279192261
3,1.5,1140,8500,1.0,0,0,4,7,1140,0,1964,0,98022,47.2093,-122.005,1600,8500,21830.0,12307.0,0.0,439.0,9084.0,54118.0,22553.0,184600.0,432.0,1702.0,5196.0,4490.0,1091.0,1924.0,723.0,56.0,0.0,2.0,41.0,1.0,7.0,23.0,20.0,4.0,8.0,3.0,0.0,0.0,0.0,380.0,0.5,7.039660349862076,9.04793908261736
3,2.5,2170,8169,2.0,0,0,3,8,2170,0,2003,0,98059,47.4833,-122.139,2240,6733,28181.0,24581.0,0.0,14.0,3586.0,61361.0,28696.0,215200.0,661.0,1733.0,4833.0,5624.0,1891.0,4832.0,1633.0,87.0,0.0,0.0,12.0,2.0,6.0,17.0,19.0,6.0,17.0,5.0,0.0,0.0,0.0,723.3333333333334,0.8333333333333334,7.682943169878292,9.008224187854049
3,2.5,2350,3798,2.0,0,0,3,8,2350,0,2013,0,98029,47.543,-122.01,2020,3532,28497.0,27197.0,0.0,0.0,1300.0,91146.0,41838.0,356600.0,87.0,618.0,2195.0,3842.0,1503.0,6969.0,3970.0,95.0,0.0,0.0,4.0,0.0,2.0,7.0,13.0,5.0,24.0,13.0,0.0,0.0,0.0,783.3333333333334,0.8333333333333334,7.762596048540069,8.242493153187626
3,1.75,1560,7424,1.0,0,0,5,8,1560,0,1940,0,98117,47.6981,-122.374,1370,7424,29868.0,29868.0,0.0,0.0,0.0,55777.0,30936.0,254000.0,491.0,1563.0,4140.0,5615.0,1685.0,7744.0,3544.0,100.0,0.0,0.0,0.0,1.0,5.0,13.0,18.0,5.0,25.0,11.0,0.0,0.0,0.0,520.0,0.5833333333333334,7.353081920515432,8.9126079636709
2,1.0,920,43560,1.0,0,0,4,5,920,0,1923,0,98024,47.5245,-121.931,1530,11875,4981.0,0.0,0.0,102.0,4879.0,62076.0,26733.0,289700.0,81.0,454.0,823.0,892.0,202.0,749.0,272.0,0.0,0.0,2.0,97.0,1.0,9.0,16.0,17.0,4.0,15.0,5.0,0.0,0.0,0.0,460.0,0.5,6.825460036255307,10.681917533624532
3,2.75,1560,77536,1.0,0,0,3,7,1400,160,1978,0,98072,47.7695,-122.126,2210,41449,35549.0,34428.0,0.0,105.0,1016.0,82922.0,37695.0,342200.0,334.0,1235.0,4183.0,5980.0,1902.0,7516.0,3392.0,96.0,0.0,0.0,2.0,0.0,3.0,11.0,16.0,5.0,21.0,9.0,1.0,0.0,0.10256410256410256,520.0,0.9166666666666666,7.353081920515432,11.258510520767917
4,2.5,2290,13416,2.0,0,0,4,9,2290,0,1981,0,98007,47.6194,-122.151,2680,13685,22814.0,22814.0,0.0,0.0,0.0,48606.0,28398.0,252600.0,599.0,1148.0,3077.0,4085.0,1326.0,5341.0,2818.0,100.0,0.0,0.0,0.0,2.0,5.0,13.0,17.0,5.0,23.0,12.0,0.0,0.0,0.0,572.5,0.625,7.736743682453495,9.504277838590472
2,1.75,1160,6828,1.0,0,0,3,7,860,300,1941,0,98115,47.6937,-122.298,1250,6828,43263.0,43263.0,0.0,0.0,0.0,58475.0,34026.0,282800.0,370.0,1090.0,3667.0,6852.0,1951.0,13103.0,8891.0,100.0,0.0,0.0,0.0,0.0,2.0,8.0,15.0,4.0,30.0,20.0,1.0,0.0,0.25862068965517243,580.0,0.875,7.057036981697891,8.82893352896109
4,2.0,2500,36900,1.0,0,0,3,7,1540,960,1972,0,98038,47.3708,-122.049,1960,36900,22453.0,17050.0,0.0,86.0,5317.0,68180.0,26547.0,212100.0,281.0,1054.0,3399.0,4646.0,1486.0,3474.0,1065.0,75.0,0.0,0.0,23.0,1.0,4.0,15.0,20.0,6.0,15.0,4.0,1.0,0.0,0.384,625.0,0.5,7.824445930877619,10.515993929932415
3,2.5,1750,6725,1.0,0,0,3,7,1330,420,1993,0,98038,47.352,-122.058,1670,7744,22453.0,17050.0,0.0,86.0,5317.0,68180.0,26547.0,212100.0,281.0,1054.0,3399.0,4646.0,1486.0,3474.0,1065.0,75.0,0.0,0.0,23.0,1.0,4.0,15.0,20.0,6.0,15.0,4.0,1.0,0.0,0.24,583.3333333333334,0.8333333333333334,7.467942332285852,8.813735892300215
4,1.0,1900,9000,1.0,0,0,4,7,1290,610,1948,0,98166,47.4629,-122.361,1950,10800,20163.0,20163.0,0.0,0.0,0.0,50310.0,28904.0,235200.0,508.0,1218.0,3864.0,3986.0,1319.0,3368.0,1541.0,100.0,0.0,0.0,0.0,2.0,6.0,19.0,19.0,6.0,16.0,7.0,1.0,0.0,0.32105263157894737,475.0,0.25,7.550135342488429,9.105090961257085
3,2.5,2410,9916,2.0,0,0,4,10,2410,0,1989,0,98052,47.6911,-122.103,2310,8212,50138.0,50138.0,0.0,0.0,0.0,68923.0,36862.0,279400.0,790.0,1888.0,4670.0,9050.0,2946.0,13623.0,5865.0,100.0,0.0,0.0,0.0,1.0,3.0,9.0,18.0,5.0,27.0,11.0,0.0,0.0,0.0,803.3333333333334,0.8333333333333334,7.787796878181171,9.202005735186125
2,1.5,1120,1312,2.0,0,0,3,7,1000,120,2004,0,98106,47.534,-122.364,1560,1314,23106.0,23106.0,0.0,0.0,0.0,40815.0,17407.0,157600.0,1703.0,2098.0,4027.0,4394.0,1355.0,2497.0,758.0,100.0,0.0,0.0,0.0,7.0,9.0,17.0,19.0,5.0,10.0,3.0,1.0,0.0,0.10714285714285714,560.0,0.75,7.02197642307216,7.180069874302796
3,1.75,1340,16480,1.0,0,0,4,7,1340,0,1968,0,98042,47.364,-122.162,1520,10451,38249.0,37394.0,0.0,0.0,855.0,66051.0,25219.0,192000.0,437.0,2301.0,7135.0,7787.0,2202.0,4964.0,1783.0,97.0,0.0,0.0,2.0,1.0,6.0,18.0,20.0,5.0,12.0,4.0,0.0,0.0,0.0,446.6666666666667,0.5833333333333334,7.201170883281678,9.70996348123418
2,1.0,760,6380,1.0,0,0,3,6,760,0,1941,0,98115,47.6914,-122.31,1590,6380,43263.0,43263.0,0.0,0.0,0.0,58475.0,34026.0,282800.0,370.0,1090.0,3667.0,6852.0,1951.0,13103.0,8891.0,100.0,0.0,0.0,0.0,0.0,2.0,8.0,15.0,4.0,30.0,20.0,0.0,0.0,0.0,380.0,0.5,6.634633357861686,8.761080103868347
3,1.5,1150,11475,1.0,0,0,3,7,1150,0,1971,0,98045,47.4629,-121.744,1640,11475,13777.0,0.0,11176.0,0.0,2601.0,65674.0,27570.0,235900.0,182.0,869.0,2393.0,2829.0,675.0,2130.0,871.0,0.0,81.0,0.0,18.0,1.0,6.0,17.0,20.0,4.0,15.0,6.0,0.0,0.0,0.0,383.3333333333333,0.5,7.048386408721883,9.348013177101256
4,1.5,3120,7680,1.0,0,3,3,8,1660,1460,1956,0,98199,47.646,-122.39,2900,7680,19287.0,19287.0,0.0,0.0,0.0,59542.0,37754.0,363400.0,171.0,479.0,1981.0,4042.0,869.0,5676.0,2826.0,100.0,0.0,0.0,0.0,0.0,2.0,10.0,20.0,4.0,29.0,14.0,1.0,0.0,0.46794871794871795,780.0,0.375,8.045908742270779,8.946505025998682
4,2.25,3490,6906,2.0,0,0,4,10,2280,1210,1928,0,98199,47.6424,-122.407,2540,6223,19287.0,19287.0,0.0,0.0,0.0,59542.0,37754.0,363400.0,171.0,479.0,1981.0,4042.0,869.0,5676.0,2826.0,100.0,0.0,0.0,0.0,0.0,2.0,10.0,20.0,4.0,29.0,14.0,1.0,0.0,0.3467048710601719,872.5,0.5625,8.157943507105037,8.840290669088972
3,2.5,1740,4960,2.0,0,0,3,8,1740,0,1992,0,98029,47.5772,-121.998,1740,5021,28497.0,27197.0,0.0,0.0,1300.0,91146.0,41838.0,356600.0,87.0,618.0,2195.0,3842.0,1503.0,6969.0,3970.0,95.0,0.0,0.0,4.0,0.0,2.0,7.0,13.0,5.0,24.0,13.0,0.0,0.0,0.0,580.0,0.8333333333333334,7.462214939768189,8.509362612301048
3,2.0,1660,8641,2.0,0,0,4,8,1660,0,1987,0,98042,47.3663,-122.088,1490,8641,38249.0,37394.0,0.0,0.0,855.0,66051.0,25219.0,192000.0,437.0,2301.0,7135.0,7787.0,2202.0,4964.0,1783.0,97.0,0.0,0.0,2.0,1.0,6.0,18.0,20.0,5.0,12.0,4.0,0.0,0.0,0.0,553.3333333333334,0.6666666666666666,7.415175109613295,9.064389316491878
4,2.5,2110,4178,2.0,0,0,3,7,2110,0,2013,0,98042,47.3612,-122.081,2300,4142,38249.0,37394.0,0.0,0.0,855.0,66051.0,25219.0,192000.0,437.0,2301.0,7135.0,7787.0,2202.0,4964.0,1783.0,97.0,0.0,0.0,2.0,1.0,6.0,18.0,20.0,5.0,12.0,4.0,0.0,0.0,0.0,527.5,0.625,7.65491704784832,8.337827262447915
4,2.5,2090,5195,2.0,0,0,3,7,2090,0,2007,0,98031,47.3986,-122.166,2090,5236,64181.0,64181.0,0.0,0.0,0.0,50958.0,21411.0,182900.0,2011.0,4483.0,12241.0,12168.0,3998.0,7611.0,2343.0,100.0,0.0,0.0,0.0,3.0,6.0,19.0,18.0,6.0,11.0,3.0,0.0,0.0,0.0,522.5,0.625,7.645397699428633,8.55564437779049
4,2.75,2330,3920,2.0,0,0,3,9,2330,0,2005,0,98029,47.5525,-121.99,2410,4063,28497.0,27197.0,0.0,0.0,1300.0,91146.0,41838.0,356600.0,87.0,618.0,2195.0,3842.0,1503.0,6969.0,3970.0,95.0,0.0,0.0,4.0,0.0,2.0,7.0,13.0,5.0,24.0,13.0,0.0,0.0,0.0,582.5,0.6875,7.754052639035757,8.27410200229233
3,1.0,880,18109,1.0,0,0,4,6,880,0,1970,0,98042,47.3634,-122.101,940,11193,38249.0,37394.0,0.0,0.0,855.0,66051.0,25219.0,192000.0,437.0,2301.0,7135.0,7787.0,2202.0,4964.0,1783.0,97.0,0.0,0.0,2.0,1.0,6.0,18.0,20.0,5.0,12.0,4.0,0.0,0.0,0.0,293.3333333333333,0.3333333333333333,6.78105762593618,9.804219550877459
3,1.0,1090,7315,1.0,0,0,5,6,1090,0,1981,0,98056,47.494,-122.165,1090,5800,24363.0,24363.0,0.0,0.0,0.0,53608.0,26721.0,209600.0,736.0,1455.0,4596.0,4977.0,1451.0,4476.0,1262.0,100.0,0.0,0.0,0.0,3.0,5.0,18.0,20.0,5.0,18.0,5.0,0.0,0.0,0.0,363.3333333333333,0.3333333333333333,6.994849985833071,8.897819009510757
2,2.0,1180,3003,2.0,0,0,3,6,1180,0,2005,0,98038,47.3491,-122.02,1310,3003,22453.0,17050.0,0.0,86.0,5317.0,68180.0,26547.0,212100.0,281.0,1054.0,3399.0,4646.0,1486.0,3474.0,1065.0,75.0,0.0,0.0,23.0,1.0,4.0,15.0,20.0,6.0,15.0,4.0,0.0,0.0,0.0,590.0,1.0,7.074116816197362,8.007700012884026
4,2.75,3100,7501,2.0,0,0,3,10,3100,0,1998,0,98052,47.6859,-122.109,3140,8672,50138.0,50138.0,0.0,0.0,0.0,68923.0,36862.0,279400.0,790.0,1888.0,4670.0,9050.0,2946.0,13623.0,5865.0,100.0,0.0,0.0,0.0,1.0,3.0,9.0,18.0,5.0,27.0,11.0,0.0,0.0,0.0,775.0,0.6875,8.03947991910045,8.922924930641832
2,1.0,1000,4950,1.0,0,0,3,7,800,200,1948,0,98116,47.5671,-122.394,1060,5500,20815.0,20815.0,0.0,0.0,0.0,54563.0,37506.0,286600.0,339.0,707.0,3325.0,4152.0,1236.0,5369.0,2705.0,100.0,0.0,0.0,0.0,1.0,3.0,15.0,19.0,5.0,25.0,12.0,1.0,0.0,0.2,500.0,0.5,6.90875477931522,8.507344855361422
4,1.75,1820,7381,1.0,0,0,5,7,1150,670,1962,0,98058,47.4567,-122.171,1610,8462,37695.0,35624.0,0.0,15.0,2056.0,63680.0,26550.0,196900.0,616.0,2090.0,6529.0,7788.0,2244.0,6077.0,2058.0,94.0,0.0,0.0,5.0,1.0,5.0,17.0,20.0,5.0,16.0,5.0,1.0,0.0,0.36813186813186816,455.0,0.4375,7.507141079727608,8.906799883589944
3,2.5,1940,8547,1.0,0,0,3,7,1460,480,1989,0,98030,47.3491,-122.177,1750,7803,23926.5,23298.0,0.0,0.0,0.0,56933.0,27639.5,239850.0,406.0,1213.0,3755.5,4638.0,1417.5,4822.0,2072.0,100.0,0.0,0.0,0.0,1.0,5.0,15.0,19.0,5.0,19.0,7.5,1.0,0.0,0.24742268041237114,646.6666666666666,0.8333333333333334,7.57095858316901,9.053452616439039
2,1.0,1200,4880,1.0,0,0,3,6,980,220,1943,0,98106,47.5276,-122.346,1040,4880,23106.0,23106.0,0.0,0.0,0.0,40815.0,17407.0,157600.0,1703.0,2098.0,4027.0,4394.0,1355.0,2497.0,758.0,100.0,0.0,0.0,0.0,7.0,9.0,17.0,19.0,5.0,10.0,3.0,1.0,0.0,0.18333333333333332,600.0,0.5,7.0909098220799835,8.493105395887147
4,2.5,2150,3721,2.0,0,0,3,8,2150,0,2007,0,98002,47.3363,-122.215,2150,3721,30905.0,30894.0,0.0,0.0,11.0,36991.0,18741.0,141500.0,1114.0,3502.0,7859.0,6080.0,1629.0,1903.0,785.0,99.0,0.0,0.0,0.0,3.0,11.0,25.0,19.0,5.0,6.0,2.0,0.0,0.0,0.0,537.5,0.625,7.67368812926773,8.222016437202196
3,2.5,2960,6856,2.0,0,0,3,10,2960,0,2009,0,98074,47.5906,-122.057,3320,6856,23926.5,23298.0,0.0,0.0,0.0,56933.0,27639.5,239850.0,406.0,1213.0,3755.5,4638.0,1417.5,4822.0,2072.0,100.0,0.0,0.0,0.0,1.0,5.0,15.0,19.0,5.0,19.0,7.5,0.0,0.0,0.0,986.6666666666666,0.8333333333333334,7.993282328101591,8.833025307284364
3,1.0,1020,13504,1.0,0,0,5,7,1020,0,1959,0,98056,47.5121,-122.17,1110,11158,24363.0,24363.0,0.0,0.0,0.0,53608.0,26721.0,209600.0,736.0,1455.0,4596.0,4977.0,1451.0,4476.0,1262.0,100.0,0.0,0.0,0.0,3.0,5.0,18.0,20.0,5.0,18.0,5.0,0.0,0.0,0.0,340.0,0.3333333333333333,6.928537818164665,9.510815266226716
3,2.5,1740,4497,2.0,0,0,3,7,1740,0,2012,0,98042,47.3697,-122.117,1950,4486,38249.0,37394.0,0.0,0.0,855.0,66051.0,25219.0,192000.0,437.0,2301.0,7135.0,7787.0,2202.0,4964.0,1783.0,97.0,0.0,0.0,2.0,1.0,6.0,18.0,20.0,5.0,12.0,4.0,0.0,0.0,0.0,580.0,0.8333333333333334,7.462214939768189,8.411388132519262
5,4.0,4580,4443,3.0,1,4,3,10,4580,0,2004,0,98075,47.5682,-122.059,2710,4443,23926.5,23298.0,0.0,0.0,0.0,56933.0,27639.5,239850.0,406.0,1213.0,3755.5,4638.0,1417.5,4822.0,2072.0,100.0,0.0,0.0,0.0,1.0,5.0,15.0,19.0,5.0,19.0,7.5,0.0,0.0,0.0,916.0,0.8,8.429672593886743,8.39931015075952
4,2.0,1790,14690,1.0,0,1,4,7,1670,120,1960,0,98198,47.3965,-122.321,2440,10664,33807.0,33697.0,0.0,0.0,110.0,46628.0,22518.0,171300.0,1119.0,3169.0,7048.0,7517.0,2064.0,3400.0,1379.0,99.0,0.0,0.0,0.0,3.0,9.0,20.0,22.0,6.0,10.0,4.0,1.0,0.0,0.0670391061452514,447.5,0.5,7.490529402060711,9.594990340370426
3,2.5,1600,2231,2.0,0,0,3,7,1600,0,2003,0,98001,47.3314,-122.29,1600,2962,25495.0,25245.0,0.0,0.0,250.0,60534.0,24011.0,168400.0,475.0,1828.0,5293.0,5336.0,1687.0,2725.0,856.0,99.0,0.0,0.0,0.0,1.0,7.0,20.0,20.0,6.0,10.0,3.0,0.0,0.0,0.0,533.3333333333334,0.8333333333333334,7.3783837129967145,7.710653323501202
3,2.5,1770,9450,1.0,0,0,3,8,1770,0,1988,0,98001,47.3196,-122.272,2200,8582,25495.0,25245.0,0.0,0.0,250.0,60534.0,24011.0,168400.0,475.0,1828.0,5293.0,5336.0,1687.0,2725.0,856.0,99.0,0.0,0.0,0.0,1.0,7.0,20.0,20.0,6.0,10.0,3.0,0.0,0.0,0.0,590.0,0.8333333333333334,7.479299637782834,9.153875834995056
3,2.0,1560,4080,2.0,0,0,3,7,1560,0,1923,1982,98115,47.6892,-122.319,1900,4080,43263.0,43263.0,0.0,0.0,0.0,58475.0,34026.0,282800.0,370.0,1090.0,3667.0,6852.0,1951.0,13103.0,8891.0,100.0,0.0,0.0,0.0,0.0,2.0,8.0,15.0,4.0,30.0,20.0,0.0,1.0,0.0,520.0,0.6666666666666666,7.353081920515432,8.314097335405807
4,2.5,2643,5750,2.0,0,0,3,8,2643,0,2012,0,98030,47.3519,-122.173,2406,5772,23926.5,23298.0,0.0,0.0,0.0,56933.0,27639.5,239850.0,406.0,1213.0,3755.5,4638.0,1417.5,4822.0,2072.0,100.0,0.0,0.0,0.0,1.0,5.0,15.0,19.0,5.0,19.0,7.5,0.0,0.0,0.0,660.75,0.625,7.880048200971577,8.657129031713755
5,3.5,3420,6403,2.0,0,2,3,8,2700,720,2013,0,98065,47.5162,-121.874,2710,6038,3710.0,0.0,2296.0,0.0,1414.0,60658.0,24746.0,206600.0,74.0,250.0,655.0,732.0,196.0,599.0,186.0,0.0,61.0,0.0,38.0,1.0,6.0,17.0,19.0,5.0,16.0,5.0,1.0,0.0,0.21052631578947367,684.0,0.7,8.137688184977605,8.764678074116606
3,1.75,2280,139392,1.0,0,0,3,8,2280,0,1977,0,98092,47.291,-122.118,2280,117176,24972.0,20999.0,0.0,74.0,3899.0,62478.0,25505.0,211200.0,554.0,1763.0,4784.0,4817.0,1717.0,2903.0,1032.0,84.0,0.0,0.0,15.0,2.0,7.0,19.0,19.0,6.0,11.0,4.0,0.0,0.0,0.0,760.0,0.5833333333333334,7.732369222284388,11.8450525608397
5,2.0,2400,9537,1.0,0,0,5,7,1210,1190,1959,0,98056,47.5112,-122.186,1760,9533,24363.0,24363.0,0.0,0.0,0.0,53608.0,26721.0,209600.0,736.0,1455.0,4596.0,4977.0,1451.0,4476.0,1262.0,100.0,0.0,0.0,0.0,3.0,5.0,18.0,20.0,5.0,18.0,5.0,1.0,0.0,0.49583333333333335,480.0,0.4,7.783640596221253,9.16303909885817
4,2.0,2750,5527,2.0,0,0,3,8,2130,620,1901,1987,98119,47.6513,-122.368,1290,1764,19493.0,19493.0,0.0,0.0,0.0,49222.0,40315.0,402400.0,159.0,558.0,1965.0,4733.0,1055.0,5985.0,3225.0,100.0,0.0,0.0,0.0,0.0,2.0,10.0,24.0,5.0,30.0,16.0,1.0,1.0,0.22545454545454546,687.5,0.5,7.919719760924575,8.617581365447506
4,2.5,2470,3811,2.0,0,0,3,8,2470,0,1999,0,98065,47.5362,-121.877,2400,4266,3710.0,0.0,2296.0,0.0,1414.0,60658.0,24746.0,206600.0,74.0,250.0,655.0,732.0,196.0,599.0,186.0,0.0,61.0,0.0,38.0,1.0,6.0,17.0,19.0,5.0,16.0,5.0,0.0,0.0,0.0,617.5,0.625,7.81237820598861,8.245909264774093
2,1.0,750,5120,1.0,0,0,4,6,750,0,1941,0,98126,47.5312,-122.375,930,7200,19435.0,19435.0,0.0,0.0,0.0,47519.0,25844.0,200000.0,964.0,1516.0,3123.0,3812.0,1145.0,3290.0,1485.0,100.0,0.0,0.0,0.0,4.0,7.0,16.0,19.0,5.0,16.0,7.0,0.0,0.0,0.0,375.0,0.5,6.621405651764134,8.54110501146255
4,2.5,3210,8532,2.0,0,0,3,10,3210,0,1998,0,98007,47.625,-122.144,2950,6753,22814.0,22814.0,0.0,0.0,0.0,48606.0,28398.0,252600.0,599.0,1148.0,3077.0,4085.0,1326.0,5341.0,2818.0,100.0,0.0,0.0,0.0,2.0,5.0,13.0,17.0,5.0,23.0,12.0,0.0,0.0,0.0,802.5,0.625,8.074337694089515,9.051696278536586
3,1.75,1430,16200,1.0,0,0,4,7,1430,0,1967,0,98027,47.5223,-122.043,1690,13125,22271.0,18009.0,0.0,0.0,4262.0,70085.0,34109.0,308700.0,250.0,739.0,2715.0,3874.0,1337.0,5455.0,2452.0,80.0,0.0,0.0,19.0,1.0,3.0,12.0,17.0,6.0,24.0,11.0,0.0,0.0,0.0,476.6666666666667,0.5833333333333334,7.266128779556451,9.692828247710418
3,1.5,1430,8960,1.0,0,0,4,6,1430,0,1953,0,98166,47.4759,-122.349,1560,10125,20163.0,20163.0,0.0,0.0,0.0,50310.0,28904.0,235200.0,508.0,1218.0,3864.0,3986.0,1319.0,3368.0,1541.0,100.0,0.0,0.0,0.0,2.0,6.0,19.0,19.0,6.0,16.0,7.0,0.0,0.0,0.0,476.6666666666667,0.5,7.266128779556451,9.10063710688422
4,1.75,1650,7276,1.0,0,0,3,7,1010,640,1977,0,98011,47.7721,-122.206,1840,8550,26395.0,26395.0,0.0,0.0,0.0,61329.0,27709.0,239800.0,291.0,1208.0,4101.0,5252.0,1656.0,5347.0,1916.0,100.0,0.0,0.0,0.0,1.0,4.0,15.0,19.0,6.0,20.0,7.0,1.0,0.0,0.3878787878787879,412.5,0.4375,7.409136443920128,8.892473968347087
3,2.25,1670,5004,2.0,0,0,3,8,1670,0,1987,0,98029,47.5688,-122.017,1850,5276,28497.0,27197.0,0.0,0.0,1300.0,91146.0,41838.0,356600.0,87.0,618.0,2195.0,3842.0,1503.0,6969.0,3970.0,95.0,0.0,0.0,4.0,0.0,2.0,7.0,13.0,5.0,24.0,13.0,0.0,0.0,0.0,556.6666666666666,0.75,7.421177528595393,8.518192691749322
4,2.5,2010,16020,1.5,0,0,5,8,2010,0,1962,0,98059,47.4821,-122.108,1420,16020,28181.0,24581.0,0.0,14.0,3586.0,61361.0,28696.0,215200.0,661.0,1733.0,4833.0,5624.0,1891.0,4832.0,1633.0,87.0,0.0,0.0,12.0,2.0,6.0,17.0,19.0,6.0,17.0,5.0,0.0,0.0,0.0,502.5,0.625,7.606387389772652,9.681655640646714
4,2.5,2610,7333,2.0,0,0,3,8,2610,0,1988,0,98003,47.2721,-122.293,2280,9033,42614.0,42614.0,0.0,0.0,0.0,43027.0,21092.0,166800.0,921.0,3690.0,8767.0,8626.0,2850.0,4535.0,1749.0,100.0,0.0,0.0,0.0,2.0,8.0,20.0,20.0,6.0,10.0,4.0,0.0,0.0,0.0,652.5,0.625,7.8674885686991285,8.900276348631271
4,2.5,2030,39049,1.0,0,0,4,7,1530,500,1953,0,98166,47.4413,-122.345,2400,14605,20163.0,20163.0,0.0,0.0,0.0,50310.0,28904.0,235200.0,508.0,1218.0,3864.0,3986.0,1319.0,3368.0,1541.0,100.0,0.0,0.0,0.0,2.0,6.0,19.0,19.0,6.0,16.0,7.0,1.0,0.0,0.24630541871921183,507.5,0.625,7.616283561580385,10.572598155267832
3,2.5,1560,4800,2.0,0,0,4,7,1560,0,1974,0,98001,47.2653,-122.285,1510,12240,25495.0,25245.0,0.0,0.0,250.0,60534.0,24011.0,168400.0,475.0,1828.0,5293.0,5336.0,1687.0,2725.0,856.0,99.0,0.0,0.0,0.0,1.0,7.0,20.0,20.0,6.0,10.0,3.0,0.0,0.0,0.0,520.0,0.8333333333333334,7.353081920515432,8.476579508530941
4,2.75,2830,10240,2.0,0,0,4,9,2830,0,1998,0,98075,47.5903,-121.986,3490,10240,23926.5,23298.0,0.0,0.0,0.0,56933.0,27639.5,239850.0,406.0,1213.0,3755.5,4638.0,1417.5,4822.0,2072.0,100.0,0.0,0.0,0.0,1.0,5.0,15.0,19.0,5.0,19.0,7.5,0.0,0.0,0.0,707.5,0.6875,7.9483852851118995,9.234154550075438
3,2.0,1470,16500,1.0,0,0,3,7,1470,0,1961,0,98042,47.3617,-122.061,1720,14406,38249.0,37394.0,0.0,0.0,855.0,66051.0,25219.0,192000.0,437.0,2301.0,7135.0,7787.0,2202.0,4964.0,1783.0,97.0,0.0,0.0,2.0,1.0,6.0,18.0,20.0,5.0,12.0,4.0,0.0,0.0,0.0,490.0,0.6666666666666666,7.293697720601438,9.711176264112805
5,1.5,2160,5000,1.5,0,2,4,8,2160,0,1926,0,98107,47.6645,-122.36,1450,4265,18314.0,18314.0,0.0,0.0,0.0,42195.0,28918.0,255400.0,340.0,977.0,2730.0,3736.0,1033.0,5184.0,2086.0,100.0,0.0,0.0,0.0,1.0,5.0,14.0,20.0,5.0,28.0,11.0,0.0,0.0,0.0,432.0,0.3,7.6783263565068856,8.517393171418904
4,3.25,3266,5398,2.0,0,0,3,8,3266,0,2014,0,98023,47.2975,-122.35,3087,5152,47500.0,47500.0,0.0,0.0,0.0,57411.0,24314.0,177300.0,976.0,2764.0,7792.0,9989.0,3265.0,6623.0,2322.0,100.0,0.0,0.0,0.0,2.0,5.0,16.0,21.0,6.0,13.0,4.0,0.0,0.0,0.0,816.5,0.8125,8.09162741160107,8.593969030218288
4,4.5,4060,10800,2.0,0,0,3,10,4060,0,2007,0,98188,47.4241,-122.29,1830,9768,22269.0,22219.0,0.0,0.0,50.0,40618.0,22672.0,162500.0,963.0,2026.0,5380.0,4548.0,1367.0,2361.0,640.0,99.0,0.0,0.0,0.0,4.0,9.0,24.0,20.0,6.0,10.0,2.0,0.0,0.0,0.0,1015.0,1.125,8.309184527686298,9.287394001418473
3,3.25,1370,1194,3.0,0,0,3,8,1370,0,2005,0,98107,47.6704,-122.391,1320,1217,18314.0,18314.0,0.0,0.0,0.0,42195.0,28918.0,255400.0,340.0,977.0,2730.0,3736.0,1033.0,5184.0,2086.0,100.0,0.0,0.0,0.0,1.0,5.0,14.0,20.0,5.0,28.0,11.0,0.0,0.0,0.0,456.6666666666667,1.0833333333333333,7.223295679562314,7.085901464365611
2,2.5,1340,1240,2.0,0,0,3,8,1150,190,2008,0,98052,47.6858,-122.102,1280,1312,50138.0,50138.0,0.0,0.0,0.0,68923.0,36862.0,279400.0,790.0,1888.0,4670.0,9050.0,2946.0,13623.0,5865.0,100.0,0.0,0.0,0.0,1.0,3.0,9.0,18.0,5.0,27.0,11.0,1.0,0.0,0.1417910447761194,670.0,1.25,7.201170883281678,7.123672785204607
3,1.75,1690,8489,1.0,0,0,4,7,1690,0,1959,0,98004,47.6079,-122.192,1850,8536,22903.0,22903.0,0.0,0.0,0.0,63358.0,49107.0,432300.0,287.0,678.0,2140.0,3948.0,1384.0,6570.0,3606.0,100.0,0.0,0.0,0.0,1.0,2.0,9.0,17.0,6.0,28.0,15.0,0.0,0.0,0.0,563.3333333333334,0.5833333333333334,7.43307534889858,9.046644279305394
3,2.25,1840,6750,1.0,0,0,4,7,1270,570,1980,0,98031,47.4075,-122.172,1750,7004,64181.0,64181.0,0.0,0.0,0.0,50958.0,21411.0,182900.0,2011.0,4483.0,12241.0,12168.0,3998.0,7611.0,2343.0,100.0,0.0,0.0,0.0,3.0,6.0,19.0,18.0,6.0,11.0,3.0,1.0,0.0,0.30978260869565216,613.3333333333334,0.75,7.518064181233078,8.81744592104187
4,2.5,2590,8571,2.0,0,0,3,9,2590,0,1988,0,98052,47.691,-122.105,2360,8155,50138.0,50138.0,0.0,0.0,0.0,68923.0,36862.0,279400.0,790.0,1888.0,4670.0,9050.0,2946.0,13623.0,5865.0,100.0,0.0,0.0,0.0,1.0,3.0,9.0,18.0,5.0,27.0,11.0,0.0,0.0,0.0,647.5,0.625,7.85979918056211,9.056256356593467
3,1.75,1800,5816,1.0,0,0,5,7,900,900,1947,0,98199,47.6529,-122.407,1650,5816,19287.0,19287.0,0.0,0.0,0.0,59542.0,37754.0,363400.0,171.0,479.0,1981.0,4042.0,869.0,5676.0,2826.0,100.0,0.0,0.0,0.0,0.0,2.0,10.0,20.0,4.0,29.0,14.0,1.0,0.0,0.5,600.0,0.5833333333333334,7.496097345175956,8.668539943910762
3,1.0,1450,6776,1.0,0,0,3,7,1450,0,1952,0,98178,47.5056,-122.244,1680,7200,21956.0,21956.0,0.0,0.0,0.0,47461.0,22158.0,175400.0,925.0,1773.0,4530.0,4630.0,1277.0,2688.0,952.0,100.0,0.0,0.0,0.0,4.0,8.0,20.0,21.0,5.0,12.0,4.0,0.0,0.0,0.0,483.3333333333333,0.3333333333333333,7.280008252884188,8.821289805136113
4,2.25,2810,25990,2.0,0,0,3,8,1860,950,1959,0,98001,47.2993,-122.293,2020,16140,25495.0,25245.0,0.0,0.0,250.0,60534.0,24011.0,168400.0,475.0,1828.0,5293.0,5336.0,1687.0,2725.0,856.0,99.0,0.0,0.0,0.0,1.0,7.0,20.0,20.0,6.0,10.0,3.0,1.0,0.0,0.33807829181494664,702.5,0.5625,7.941295570906532,10.165505603232393
5,2.75,2710,4685,2.0,0,0,3,8,2710,0,2014,0,98038,47.3555,-122.062,2710,4449,22453.0,17050.0,0.0,86.0,5317.0,68180.0,26547.0,212100.0,281.0,1054.0,3399.0,4646.0,1486.0,3474.0,1065.0,75.0,0.0,0.0,23.0,1.0,4.0,15.0,20.0,6.0,15.0,4.0,0.0,0.0,0.0,542.0,0.55,7.905072849498666,8.452334619067742
6,3.75,4210,6105,2.0,0,0,3,9,3280,930,2008,0,98059,47.5211,-122.157,3820,6368,28181.0,24581.0,0.0,14.0,3586.0,61361.0,28696.0,215200.0,661.0,1733.0,4833.0,5624.0,1891.0,4832.0,1633.0,87.0,0.0,0.0,12.0,2.0,6.0,17.0,19.0,6.0,17.0,5.0,1.0,0.0,0.2209026128266033,701.6666666666666,0.625,8.345455428161928,8.717027173294824
2,1.0,1088,8453,1.0,0,0,3,6,1088,0,1952,2009,98001,47.2685,-122.231,1088,8016,25495.0,25245.0,0.0,0.0,250.0,60534.0,24011.0,168400.0,475.0,1828.0,5293.0,5336.0,1687.0,2725.0,856.0,99.0,0.0,0.0,0.0,1.0,7.0,20.0,20.0,6.0,10.0,3.0,0.0,1.0,0.0,544.0,0.5,6.9930151229329605,9.042394981126735
4,3.0,2620,214750,2.0,0,0,3,8,2620,0,1992,0,98058,47.4239,-122.068,2060,212137,37695.0,35624.0,0.0,15.0,2056.0,63680.0,26550.0,196900.0,616.0,2090.0,6529.0,7788.0,2244.0,6077.0,2058.0,94.0,0.0,0.0,5.0,1.0,5.0,17.0,20.0,5.0,16.0,5.0,0.0,0.0,0.0,655.0,0.75,7.8713112033234065,12.277234496413076
4,2.5,2440,6733,2.0,0,0,3,9,2440,0,1999,0,98074,47.6374,-122.064,2570,6496,23926.5,23298.0,0.0,0.0,0.0,56933.0,27639.5,239850.0,406.0,1213.0,3755.5,4638.0,1417.5,4822.0,2072.0,100.0,0.0,0.0,0.0,1.0,5.0,15.0,19.0,5.0,19.0,7.5,0.0,0.0,0.0,610.0,0.625,7.80016307039296,8.814924599721019
2,1.0,1120,5329,1.0,0,1,3,6,750,370,1929,0,98126,47.5421,-122.378,1530,5330,19435.0,19435.0,0.0,0.0,0.0,47519.0,25844.0,200000.0,964.0,1516.0,3123.0,3812.0,1145.0,3290.0,1485.0,100.0,0.0,0.0,0.0,4.0,7.0,16.0,19.0,5.0,16.0,7.0,1.0,0.0,0.33035714285714285,560.0,0.5,7.02197642307216,8.58110651715989
3,1.75,1340,7210,1.0,0,0,4,7,1340,0,1975,0,98031,47.4182,-122.167,1370,7210,64181.0,64181.0,0.0,0.0,0.0,50958.0,21411.0,182900.0,2011.0,4483.0,12241.0,12168.0,3998.0,7611.0,2343.0,100.0,0.0,0.0,0.0,3.0,6.0,19.0,18.0,6.0,11.0,3.0,0.0,0.0,0.0,446.6666666666667,0.5833333333333334,7.201170883281678,8.88336291691676
3,2.0,1860,3600,1.5,0,0,3,7,1110,750,1915,0,98122,47.6102,-122.296,1680,3695,28985.0,28985.0,0.0,0.0,0.0,32085.0,26501.0,286400.0,1246.0,2295.0,3833.0,6517.0,1903.0,6399.0,2878.0,100.0,0.0,0.0,0.0,4.0,7.0,13.0,22.0,6.0,22.0,9.0,1.0,0.0,0.4032258064516129,620.0,0.6666666666666666,7.528869256642251,8.188966863648876
4,1.75,2080,8750,1.0,0,0,4,8,1330,750,1967,0,98032,47.3749,-122.291,1790,8750,28756.0,28422.0,0.0,0.0,334.0,42042.0,21327.0,161500.0,1220.0,2530.0,6100.0,5824.0,1683.0,3236.0,1226.0,98.0,0.0,0.0,1.0,4.0,8.0,21.0,20.0,5.0,11.0,4.0,1.0,0.0,0.3605769230769231,520.0,0.4375,7.640603826393634,9.076923258535832
3,2.0,1250,1306,3.0,0,0,3,7,1250,0,2000,0,98107,47.6705,-122.39,1320,1306,18314.0,18314.0,0.0,0.0,0.0,42195.0,28918.0,255400.0,340.0,977.0,2730.0,3736.0,1033.0,5184.0,2086.0,100.0,0.0,0.0,0.0,1.0,5.0,14.0,20.0,5.0,28.0,11.0,0.0,0.0,0.0,416.6666666666667,0.6666666666666666,7.1316985104669115,7.175489713624222
4,3.0,3580,35261,1.5,0,0,3,10,3580,0,1985,0,98072,47.7577,-122.134,3540,36750,35549.0,34428.0,0.0,105.0,1016.0,82922.0,37695.0,342200.0,334.0,1235.0,4183.0,5980.0,1902.0,7516.0,3392.0,96.0,0.0,0.0,2.0,0.0,3.0,11.0,16.0,5.0,21.0,9.0,0.0,0.0,0.0,895.0,0.75,8.183397369998433,10.470561175840706
3,2.5,2430,54059,2.0,0,0,3,10,2430,0,1987,0,98027,47.4664,-121.992,2910,49658,22271.0,18009.0,0.0,0.0,4262.0,70085.0,34109.0,308700.0,250.0,739.0,2715.0,3874.0,1337.0,5455.0,2452.0,80.0,0.0,0.0,19.0,1.0,3.0,12.0,17.0,6.0,24.0,11.0,0.0,0.0,0.0,810.0,0.8333333333333334,7.796057974316123,10.897849819830439
2,2.5,1240,1249,3.0,0,0,3,8,1240,0,2006,0,98107,47.6718,-122.386,1240,2500,18314.0,18314.0,0.0,0.0,0.0,42195.0,28918.0,255400.0,340.0,977.0,2730.0,3736.0,1033.0,5184.0,2086.0,100.0,0.0,0.0,0.0,1.0,5.0,14.0,20.0,5.0,28.0,11.0,0.0,0.0,0.0,620.0,1.25,7.123672785204607,7.1308988302963465
4,1.75,1860,9750,1.0,0,0,3,7,1460,400,1969,0,98034,47.7097,-122.202,1900,8913,40127.0,40127.0,0.0,0.0,0.0,60043.0,29747.0,239900.0,481.0,1760.0,5753.0,8708.0,2515.0,8280.0,3364.0,100.0,0.0,0.0,0.0,1.0,4.0,14.0,21.0,6.0,20.0,8.0,1.0,0.0,0.21505376344086022,465.0,0.4375,7.528869256642251,9.18512512283512
5,1.75,2330,3800,1.5,0,0,3,7,1360,970,1927,0,98115,47.6835,-122.308,2100,3800,43263.0,43263.0,0.0,0.0,0.0,58475.0,34026.0,282800.0,370.0,1090.0,3667.0,6852.0,1951.0,13103.0,8891.0,100.0,0.0,0.0,0.0,0.0,2.0,8.0,15.0,4.0,30.0,20.0,1.0,0.0,0.41630901287553645,466.0,0.35,7.754052639035757,8.24301946898925
4,2.5,2550,4630,2.0,0,0,3,7,2550,0,2005,0,98075,47.5928,-122.004,2550,5151,23926.5,23298.0,0.0,0.0,0.0,56933.0,27639.5,239850.0,406.0,1213.0,3755.5,4638.0,1417.5,4822.0,2072.0,100.0,0.0,0.0,0.0,1.0,5.0,15.0,19.0,5.0,19.0,7.5,0.0,0.0,0.0,637.5,0.625,7.844240718141811,8.440528106480752
